"1","1","Tad","Lockman","","2021-05-31","New Cathrinetown","9760126","1983-05-02 22:35:52","1993-10-27 21:11:27",
"2","2","Emilia","Cassin","","2013-07-09","North Adelbert","1799","1974-09-11 03:35:28","2000-01-12 22:12:54",
"3","3","Lexus","Roob","","2008-11-11","Marlonfurt","956040012","1998-11-26 10:15:47","1996-03-31 18:20:37",
"4","4","Amie","Hand","","1982-09-10","Stefanieberg","9203617","1980-09-17 12:36:35","1978-08-17 19:04:27",
"5","5","Dianna","Prosacco","","1970-01-01","Beattyburgh","9471050","1987-10-25 07:33:11","2011-09-23 16:18:57",
"6","6","Crawford","Heaney","","2007-02-24","Brendahaven","473686","2013-06-01 05:39:25","1984-01-04 05:03:10",
"7","7","Reynold","Lynch","","1984-01-23","New Reyes","151962921","1973-03-23 09:19:00","1991-06-21 19:13:05",
"8","8","Berneice","Funk","","2003-11-07","South Catherinefort","46659108","1972-03-17 01:17:48","2016-12-15 16:34:47",
"9","9","Judah","Stokes","","2006-02-27","Wunschville","35198404","1991-08-09 23:47:55","2017-10-23 13:03:37",
"10","10","Colt","Fisher","","2012-06-26","East Enola","2858864","1977-04-26 20:58:22","2010-04-28 08:20:02",
"11","11","Marisol","Kunze","","1970-07-29","Lake Alfredamouth","","1974-11-06 20:17:38","2008-03-08 22:47:19",
"12","12","Gia","Hamill","","2015-10-10","East Mortonchester","2705524","2014-10-07 03:34:25","1995-05-05 16:46:38",
"13","13","Eliza","Hilpert","","1977-02-27","Anibalstad","531800","2020-12-28 12:35:18","1972-12-01 02:56:11",
"14","14","Monserrat","Goodwin","","2003-12-15","Lake Melba","695","2017-05-26 22:04:09","2009-04-08 15:51:25",
"15","15","Johan","Hoeger","","1973-09-19","South Reuben","56274","1984-04-23 02:13:39","1983-04-07 04:39:14",
"16","16","Liana","Will","","1970-08-22","New Henryfurt","50770399","2008-07-27 02:37:33","1999-07-17 04:17:26",
"17","17","Baylee","Parker","","1985-10-13","South Othaton","","1985-01-06 23:01:45","1976-06-12 18:10:48",
"18","18","Julius","Runte","","1991-04-02","Tremayneport","679","1976-06-15 15:37:20","2009-11-09 02:17:17",
"19","19","Cindy","Pollich","","1978-03-18","Marvinfurt","93","1975-08-24 06:17:34","2004-03-22 03:06:01",
"20","20","Adah","Koss","","1978-07-18","Howeland","16","1980-09-16 20:30:35","2000-01-29 07:32:44",
